"id","first_name","last_name","email","gender","Job_Title"
1,"Stephen","Lee","slee0@smugmug.com","Male","Structural Engineer"
2,"Shirley","Cook","scook1@storify.com","Female","Automation Specialist II"
3,"Kathy","Harper","kharper2@barnesandnoble.com","Female","Geological Engineer"
4,"Ryan","Howard","rhoward3@livejournal.com","Male","Marketing Manager"
5,"Timothy","Banks","tbanks4@ucsd.edu","Male","Systems Administrator I"
6,"Joyce","Turner","jturner5@wunderground.com","Female","Desktop Support Technician"
7,"Walter","Webb","wwebb6@exblog.jp","Male","Paralegal"
8,"Timothy","Warren","twarren7@edublogs.org","Male","Project Manager"
9,"Dennis","Ray","dray8@newyorker.com","Male","Account Coordinator"
10,"Larry","Snyder","lsnyder9@diigo.com","Male","Account Representative III"
11,"Emily","Vasquez","evasqueza@g.co","Female","Chemical Engineer"
12,"Patricia","Ford","pfordb@edublogs.org","Female","Computer Systems Analyst II"
13,"Wayne","Allen","wallenc@va.gov","Male","Safety Technician III"
14,"Chris","West","cwestd@live.com","Male","Teacher"
